kedb_parent_name,kedb_child_name,app_name,old_kedb,new_symtom_kedb,new_specific_symtom_kedb,kedb_finalisasi,action,responsibility_action,sop
"REAKTIVASI PREPAID","K14-Reaktivasi Gagal",DSC,[]DSC[]Reaktivasi_Prepaid_Failed[]Cek_/api/reactivate[]Complaint,"Unsync Southbound CRM BE","Status CRM BE Active",KIP_Q32024_480_9,"eskalasi to CRM BE",L1,
"REAKTIVASI PREPAID","K14-Reaktivasi Gagal",DSC,[]DSC[]Reaktivasi_Prepaid_Failed[]Cek_/api/reactivate[]Complaint,"Unsync Southbound DSP","Status HLR In Active",KIP_Q32024_480_10,"eskalasi to DSP",L1,
"REAKTIVASI PREPAID","K14-Reaktivasi Gagal",DSC,[]DSC[]Reaktivasi_Prepaid_Failed[]Cek_/api/reactivate[]Complaint,"Unsync Southbound Paradise","Status Paradise Still Active",KIP_Q32024_480_11,"eskalasi to paradise",L1,
"REAKTIVASI PREPAID","K14-Reaktivasi Gagal",DSC,[]DSC[]Reaktivasi_Prepaid_Failed[]Cek_/api/reactivate[]Complaint,"System Error","Lewat Masa Tenggang/ Msisdn Still Active",KIP_Q32024_480_33,"Cancel Prepaid via AO SRM",L1,
"REAKTIVASI PREPAID","K14-Reaktivasi Gagal",DSC,-,"Salah Assign","Salah Assign",KIP_Q32024_480_12,"eskalasi ke apps lain",L1,
"Migrasi Postpaid to Prepaid","K59-Gagal/Error Migrasi Post to Pre",DSC,[]DSC[]Kendala_Migrasi_PostToPre[]Customer_Profile[]Complaint,"Unsync Southbound TC","Status TC Still Active",KIP_Q32024_1031_1,"eskalasi to TC",L1,
"Migrasi Postpaid to Prepaid","K59-Gagal/Error Migrasi Post to Pre",DSC,[]DSC[]Kendala_Migrasi_PostToPre[]Customer_Profile[]Complaint,"Unsync Northbound PRO","Order CE / Terminate",KIP_Q32024_1031_2,"eskalasi to PRO",L1,
"Migrasi Postpaid to Prepaid","K59-Gagal/Error Migrasi Post to Pre",DSC,[]DSC[]Kendala_Migrasi_PostToPre[]Customer_Profile[]Complaint,"Unsync Southbound Paradise","Status Paradise Still Active",KIP_Q32024_1031_3,"eskalasi to paradise",L1,
"Migrasi Postpaid to Prepaid","K59-Gagal/Error Migrasi Post to Pre",DSC,[]DSC[]Kendala_Migrasi_PostToPre[]Customer_Profile[]Complaint,"Unsync Southbound DSP","Status HLR Still Active",KIP_Q32024_1031_4,"eskalasi to DSP",L1,
"Migrasi Postpaid to Prepaid","K59-Gagal/Error Migrasi Post to Pre",DSC,[]DSC[]Kendala_Migrasi_PostToPre[]Customer_Profile[]Complaint,"Unsync Southbound ESB","Status DSC Still Postpaid",KIP_Q32024_1031_5,"eskalasi to ESB",L1,
"Migrasi Postpaid to Prepaid","K59-Gagal/Error Migrasi Post to Pre",DSC,[]DSC[]Kendala_Migrasi_PostToPre[]Customer_Profile[]Complaint,"Success Migrasi Prepaid","Waiting 1x24 jam untuk query di DSC",KIP_Q32024_1031_31,"Cek profile di DSC",L1,
"Migrasi Postpaid to Prepaid","K59-Gagal/Error Migrasi Post to Pre",DSC,-,"Salah Assign","Salah Assgin",KIP_Q32024_1031_6,"Eskalasi ke Apps Lain",L1,
"MSISDN HYBRID","P32-Permintaan Aktivasi Layanan",DSC,[]DSC[]Kendala_msisdn_hybrid[]Mode_Post_terbaca_Pre[]Complaint,"Unsync Southbound DSP","Status HLR Active Prepaid",KIP_Q32024_1136_3,"eskalasi to DSP",L1,
"MSISDN HYBRID","P32-Permintaan Aktivasi Layanan",DSC,[]DSC[]Kendala_msisdn_hybrid[]Mode_Post_terbaca_Pre[]Complaint,"Unsync Southbound TC","Status TC Active Prepaid",KIP_Q32024_1136_4,"eskalasi to TC",L1,
,,99%USAHAKU,,,,[]99%USAHAKU[]Missed_Assigned[]Check_Result_Not_Found[]Complaint,,,
,,99%USAHAKU,,,,[]99%USAHAKU[]Undefined[]Identify_Case[]Complaint,,,
,,B2BMYENTERPRISE,,,,[]B2BMYENTERPRISE[]Activation_Enterprise+[]Activation_Failed[]Complaint,,,
,,B2BMYENTERPRISE,,,,[]B2BMYENTERPRISE[]Activation_Enterprise+[]Button_activation_Null[]Complaint,,,
,,B2BMYENTERPRISE,,,,[]B2BMYENTERPRISE[]Activation_Enterprise+[]Failed_to_invoke_Camunda[]Complaint,,,
,,B2BMYENTERPRISE,,,,[]B2BMYENTERPRISE[]Cancel_Order[]Update_Data[]Complaint,,,
,,B2BMYENTERPRISE,,,,[]B2BMYENTERPRISE[]Change_AS_Data[]Update_Data[]Complaint,,,
,,B2BMYENTERPRISE,,,,[]B2BMYENTERPRISE[]Change_PIC_Data[]Update_Data[]Complaint,,,
,,B2BMYENTERPRISE,,,,[]B2BMYENTERPRISE[]Failed_Add_Member_Quota_Pooling[]ChildNumber_Unregistered[]Complaint,,,
,,B2BMYENTERPRISE,,,,[]B2BMYENTERPRISE[]Failed_Registration_Pilot_Number_Quota_Pooling[]Number_not_supported[]Complaint,,,
,,B2BMYENTERPRISE,,,,[]B2BMYENTERPRISE[]Failed_RegisterNewPIC[]Retry_Order[]Complaint,,,
,,B2BMYENTERPRISE,,,,[]B2BMYENTERPRISE[]Failed_Renewal_Quota_Pooling[]Anomaly_System[]Complaint,,,
,,B2BMYENTERPRISE,,,,[]B2BMYENTERPRISE[]Failed_Repeat_Order[]Unsync_Status[]Complaint,,,
,,B2BMYENTERPRISE,,,,[]B2BMYENTERPRISE[]Failed_User_Login[]Validate_Log_DSC[]Complaint,,,
,,B2BMYENTERPRISE,,,,[]B2BMYENTERPRISE[]Failed_User_Login[]Validate_Status_User[]Complaint,,,
,,B2BMYENTERPRISE,,,,[]B2BMYENTERPRISE[]Gagal_BuatKontrak_PIC[]Unable_Submit_BuatKontrak_PIC[]Complaint,,,
,,B2BMYENTERPRISE,,,,[]B2BMYENTERPRISE[]Gagal_Konfirmasi_Kontrak_AS[]OTP_Code_Not_Found[]Complaint,,,
,,B2BMYENTERPRISE,,,,[]B2BMYENTERPRISE[]Gagal_Konfirmasi_Kontrak_AS[]Resend_Email[]Complaint,,,
,,B2BMYENTERPRISE,,,,[]B2BMYENTERPRISE[]Gagal_Konfirmasi_Kontrak_AS[]Update_Data_And_Resend_Email[]Complaint,,,
,,B2BMYENTERPRISE,,,,[]B2BMYENTERPRISE[]Gagal_Konfirmasi_Kontrak_PIC[]Resend_Email[]Complaint,,,
,,B2BMYENTERPRISE,,,,[]B2BMYENTERPRISE[]Missed_Assigned[]Check_Result_Not_Found[]Complaint,,,
,,B2BMYENTERPRISE,,,,[]B2BMYENTERPRISE[]Proses_CM_Approval[]Validate_Log_Error[]Complaint,,,
,,B2BMYENTERPRISE,,,,[]B2BMYENTERPRISE[]Unable_Browse_Product[]Validate_Log_Error[]Complaint,,,
,,B2BMYENTERPRISE,,,,[]B2BMYENTERPRISE[]Undefined[]Identify_Case[]Complaint,,,
,,B2BMYENTERPRISE,,,,[]B2BMYENTERPRISE[]Update_Data_Company[]Update_Data[]Complaint,,,
,,COMMET,,,,[]COMMET[]Gagal_Add_Package[]Validate_Error[]Complaint,,,
,,COMMET,,,,[]COMMET[]Gagal_Call_Off_Net[]Check_Eligible_GroupID_And_BonusID[]Complaint,,,
,,COMMET,,,,[]COMMET[]Missed_Assigned[]Check_Result_Not_Found[]Complaint,,,
,,COMMET,,,,[]COMMET[]Undefined[]Identify_Case[]Complaint,,,
,,CUG,,,,[]CUG[]Change_Status_Renewal_Merchant[]Activated/Deactivated_Status[]Request,,,
,,CUG,,,,[]CUG[]Check_History_Transaction[]Request_Provide_Data_Report[]Request,,,
,,CUG,,,,[]CUG[]Community_Not_Registered[]Unsync_CUGGroupId[]Complaint,,,
,,CUG,,,,[]CUG[]Create_User_Access[]Create_User[]Request,,,
,,CUG,,,,[]CUG[]Disable_Package_Auto_Renewal[]Disable_Renewal_Merchant[]Complaint,,,
,,CUG,,,,[]CUG[]Gagal_Add_Package[]Activation_Method_Not_Via_CUG_Channel[]Complaint,,,
,,CUG,,,,[]CUG[]Gagal_Add_Package[]Failed_to_Get_Subscriber_Profiles[]Complaint,,,
,,CUG,,,,[]CUG[]Gagal_Add_Package[]Gagal_Renewal_Merchant[]Complaint,,,
,,CUG,,,,[]CUG[]Gagal_Add_Package[]New_Request_MSISDN_ADD[]Complaint,,,
,,CUG,,,,[]CUG[]Gagal_Add_Package[]Not_Enough_Balance[]Complaint,,,
,,CUG,,,,[]CUG[]Gagal_Add_Package[]Offer_Already_Active[]Complaint,,,
,,CUG,,,,[]CUG[]Gagal_Add_Package[]Offer_Already_Active_Anomaly_TC[]Complaint,,,
,,CUG,,,,[]CUG[]Gagal_Add_Package[]Price_Plan_DSC/MEA_Active_Unsync_TC[]Complaint,,,
,,CUG,,,,[]CUG[]Gagal_Add_Package[]Subscriber_is_not_eligible_to_purchase_product[]Complaint,,,
,,CUG,,,,[]CUG[]Gagal_Add_Package[]Timeout_to_RV[]Complaint,,,
,,CUG,,,,[]CUG[]Gagal_Add_Package[]Validate_Anomaly_Escalate_L2[]Complaint,,,
,,CUG,,,,[]CUG[]Gagal_Add_Package[]Validate_Eligible_Whitelist_Status[]Complaint,,,
,,CUG,,,,[]CUG[]Gagal_Add_Package_Via_SMS[]Log_API_Status_NOK[]Complaint,,,
,,CUG,,,,[]CUG[]Gagal_Add_QuoteId[]QuoteId_Already_Active[]Complaint,,,
,,CUG,,,,[]CUG[]Gagal_Call_Off_Net[]Check_Eligible_GroupID_And_BonusID[]Complaint,,,
,,CUG,,,,[]CUG[]Gagal_Call_On_Net[]Check_Eligible_GroupID_And_BonusID[]Complaint,,,
,,CUG,,,,[]CUG[]Gagal_Remove_Package[]Offer_Status_Active_Unsync_TC[]Complaint,,,
,,CUG,,,,[]CUG[]Gagal_Remove_Package[]Offer_Status_Inactive_Unsync_TC[]Complaint,,,
,,CUG,,,,[]CUG[]Gagal_Remove_Package[]Remove_Process_Pending[]Complaint,,,
,,CUG,,,,[]CUG[]Gagal_Remove_Package[]Status_Offer_Bundling_Anomaly_TC[]Complaint,,,
,,CUG,,,,[]CUG[]Gagal_Remove_Package[]Validate_Error[]Complaint,,,
,,CUG,,,,[]CUG[]Gagal_Remove_Whitelist[]Offer_Status_Active_Unsync_TC[]Complaint,,,
,,CUG,,,,[]CUG[]Gagal_Remove_Whitelist[]Offer_Status_Inactive_Unsync_TC[]Complaint,,,
,,CUG,,,,[]CUG[]Gagal_Upload_Whitelist[]MSISDN_in_RESERVED_Status[]Complaint,,,
,,CUG,,,,[]CUG[]Gagal_Upload_Whitelist[]Unsync_HLR[]Complaint,,,
,,CUG,,,,[]CUG[]Gagal_Upload_Whitelist[]Update_Status_Whitelist_Pending[]Complaint,,,
,,CUG,,,,[]CUG[]Gagal_Upload_Whitelist[]Validate_WhiteList_Status[]Complaint,,,
,,CUG,,,,[]CUG[]Kendala_User_Access[]Reset_Password[]Complaint,,,
,,CUG,,,,[]CUG[]Kendala_User_Access[]Unlock_Status_User[]Complaint,,,
,,CUG,,,,[]CUG[]Ketidaksesuaian_Benefit[]Offer_Active_TC&Transaction[]Complaint,,,
,,CUG,,,,[]CUG[]Missed_Assigned[]Check_Result_Not_Found[]Complaint,,,
,,CUG,,,,[]CUG[]Undefined[]Identify_Case[]Complaint,,,
,,DSC,,,,[]DSC[]AddOffer_Failed[]ValidateLog[]Complaint,,,
,,DSC,,,,[]DSC[]AddOffer_NotEligible[]ValidateLogtoESB[]Complaint,,,
,,DSC,,,,[]DSC[]CheckProfile_LihatHLR[]ValidateProfile[]Complaint,,,
,,DSC,,,,[]DSC[]Dashboard_BenefitKuotaTidakSesuai[]ValidateProfiletoUPCC[]Complaint,,,
,,DSC,,,,[]DSC[]Dashboard_BenefitTelponTidakTampil[]ValidateLog[]Complaint,,,
,,DSC,,,,[]DSC[]Dashboard_CheckProfile[]Validateprofile[]Complaint,,,
,,DSC,,,,[]DSC[]Dashboard_CLSIRUnsyncTC[]ValidateProfiletoTC[]Complaint,,,
,,DSC,,,,[]DSC[]Dashboard_CLSTagihanSementaraUnsyncTC[]ValidateLog[]Complaint,,,
,,DSC,,,,[]DSC[]Dashboard_CLSTerbaca0[]ValidateLog[]Complaint,,,
,,DSC,,,,[]DSC[]Dashboard_CLSTombolRemoveKosong[]ValidateLog[]Complaint,,,
,,DSC,,,,[]DSC[]Dashboard_CLSUnsyncTC[]ValidateLog[]Complaint,,,
,,DSC,,,,[]DSC[]Dashboard_MenuHirarkiTidakTampil[]ValidateLog[]Complaint,,,
,,DSC,,,,[]DSC[]Dashboard_MSISDTidakDitemukan[]ValidateLog[]Complaint,,,
,,DSC,,,,[]DSC[]Dashboard_OfferUnsyncTC[]ValidateLog[]Complaint,,,
,,DSC,,,,[]DSC[]Dashboard_PaketTidakTampil[]ValidateLog[]Complaint,,,
,,DSC,,,,[]DSC[]Dashboard_ProfileUnsyncTC[]Msisdn_Tampil_Postpaid[]Complaint,,,
,,DSC,,,,[]DSC[]Dashboard_ProfileUnsyncTC[]Msisdn_Tampil_Prepaid[]Complaint,,,
,,DSC,,,,[]DSC[]DetailPanggilan_CheckCallDetail[]CheckMenuIndira_ProvideData[]Complaint,,,
,,DSC,,,,[]DSC[]DetailUPCC_CheckHistory[]CheckMenuIndira_ProvideData[]Complaint,,,
,,DSC,,,,[]DSC[]Ebill_CheckEmail[]ValidateLog[]Complaint,,,
,,DSC,,,,[]DSC[]Ebill_EmailTidakDiterima[]ResendEbill[]Complaint,,,
,,DSC,,,,[]DSC[]Ebill_EmailTidakDiterima[]ValidateLog[]Complaint,,,
,,DSC,,,,[]DSC[]Ebill_FormatTidakSesuai[]UpdateEbill[]Complaint,,,
,,DSC,,,,[]DSC[]Ebill_KendalaAktivasi[]ValidateLog[]Complaint,,,
,,DSC,,,,[]DSC[]Ebill_KendalaPIN[]ValidateLog[]Complaint,,,
,,DSC,,,,[]DSC[]Gagal_Add_Offer_Limit_CLS[]Check_CLS_toTC[]Complaint,,,
,,DSC,,,,[]DSC[]Gagal_Add_Offer_PopUp_Error[]Validate_Log[]Complaint,,,
,,DSC,,,,[]DSC[]Gagal_Add_Offer_Tidak_Muncul[]Check_Eligible_toESB[]Complaint,,,
,,DSC,,,,[]DSC[]Gagal_Change_Primary[]Check_Log_ChangePrimary[]Complaint,,,
,,DSC,,,,[]DSC[]Gagal_Change_Primary[]Offer_Mengarah_BA_Lain[]Complaint,,,
,,DSC,,,,[]DSC[]Gagal_ChangeOwnership[]Offer_Mengarah_BA_Lain[]Complaint,,,
,,DSC,,,,"[]DSC[]Gagal_ChangeOwnership_msisdn memiliki active child[]Check_Log_CheckPrimaryNumber[]Complaint",,,
,,DSC,,,,[]DSC[]Gagal_PSB[]ValidateLog_PopUpError[]Complaint,,,
,,DSC,,,,[]DSC[]Gagal_PSBWEB_Stuck[]ValidateLog[]Complaint,,,
,,DSC,,,,[]DSC[]Gagal_Remove_Offer[]OrderSuccess_OfferMasihActive[]Complaint,,,
,,DSC,,,,[]DSC[]Gagal_Remove_Offer_Limit_CLS[]Check_CLS_toTC[]Complaint,,,
,,DSC,,,,[]DSC[]Gagal_Remove_Offer_PopUp_Error[]Validate_Log[]Complaint,,,
,,DSC,,,,[]DSC[]Gagal_Remove_Offer_Tidak_Muncul[]Check_Offer_Active[]Complaint,,,
,,DSC,,,,[]DSC[]Gagal_Terminate[]Offer_Mengarah_BA_Lain[]Complaint,,,
,,DSC,,,,[]DSC[]IMEI_nonHKT_RegisterFailed[]ValidateLog[]Complaint,,,
,,DSC,,,,[]DSC[]IMEI_RegisterFailed_DataAlreadyInWhitelist[]ValidateLog[]Complaint,,,
,,DSC,,,,[]DSC[]Kendala_BBS/BBD_Koreksi_Tagihan[]ValidateLog[]Complaint,,,
,,DSC,,,,[]DSC[]Kendala_BBS/BBD_Source_Not_Found_inODS[]Cek_customer/viewBillImage[]Complaint,,,
,,DSC,,,,[]DSC[]Kendala_BBS/BBD_Timeout[]Cek_customer/viewBillImage[]Complaint,,,
,,DSC,,,,[]DSC[]Kendala_ChangeOwnership[]Customer_Profile[]Complaint,,,
,,DSC,,,,[]DSC[]Kendala_Migrasi_PreToPost[]Customer_Profile[]Complaint,,,
,,DSC,,,,[]DSC[]Kendala_Migrasi_SIMtoESIM[]Gagal_Mendapat_QR_Code[]Complaint,,,
,,DSC,,,,[]DSC[]Kendala_Paket_Double_Active[]Validasi_Transaksi[]Complaint,,,
,,DSC,,,,[]DSC[]Kendala_Perso[]PopUpError_MaafTelahTerjadiKesalahan[]Complaint,,,
,,DSC,,,,[]DSC[]Kendala_Resume[]TombolTidakDitemukan[]Complaint,,,
,,DSC,,,,[]DSC[]Kendala_Terminate[]TombolTidakDitemukan[]Complaint,,,
,,DSC,,,,[]DSC[]ManageOrder_CheckOrder[]ValidateOrderTransactionPRO[]Complaint,,,
,,DSC,,,,[]DSC[]ManageOrder_CheckUserActivation[]ValidateLog[]Complaint,,,
,,DSC,,,,[]DSC[]ManageOrder_CheckUserDeactivation[]ValidateLog[]Complaint,,,
,,DSC,,,,[]DSC[]Monitoring_Indira[]Cek_History_Call_Detail[]Complaint,,,
,,DSC,,,,[]DSC[]Monitoring_Indira[]Cek_History_Recharge[]Complaint,,,
,,DSC,,,,[]DSC[]Monitoring_Indira[]Cek_History_Transfer_Pulsa[]Complaint,,,
,,DSC,,,,[]DSC[]Monitoring_Indira[]Cek_History_UPCC_Detail[]Complaint,,,
,,DSC,,,,[]DSC[]MSISDN_Tidak_Ditemukan[]Cek_/esb/v2/customer/profile_to_INGW[]Complaint,,,
,,DSC,,,,[]DSC[]Not_Case_DSC[]Cancel_Order_MEA[]Complaint,,,
,,DSC,,,,[]DSC[]Not_Case_DSC[]Gagal_Aktivasi_Paket[]Complaint,,,
,,DSC,,,,[]DSC[]Not_Case_DSC[]Gagal_PSB[]Complaint,,,
,,DSC,,,,[]DSC[]Not_Case_DSC[]Kendala_HLR[]Complaint,,,
,,DSC,,,,[]DSC[]Not_Case_DSC[]Kendala_Tagihan[]Complaint,,,
,,DSC,,,,[]DSC[]Not_Case_DSC[]Miss_Assigned_Wrong_Apps[]Complaint,,,
,,DSC,,,,[]DSC[]Not_Case_DSC[]Penggunaan_Data_kuota[]Complaint,,,
,,DSC,,,,[]DSC[]Not_Case_DSC[]Stuck_Add_Offer[]Complaint,,,
,,DSC,,,,[]DSC[]Not_Case_DSC[]Tidak_Ada_Pilihan_Paket[]Complaint,,,
,,DSC,,,,[]DSC[]OfferKuotaKeluarga_Add/RemoveAnggota[]ValidateProfile[]Complaint,,,
,,DSC,,,,[]DSC[]OfferKuotaKeluarga_BenefitKuotaTidakSesuai[]ValidateProfile[]Complaint,,,
,,DSC,,,,[]DSC[]OfferKuotaKeluarga_MemberTidakSesuai[]ValidateProfile[]Complaint,,,
,,DSC,,,,[]DSC[]OrderAddOffer_Cancel[]ValidateOrdertoPRO[]Complaint,,,
,,DSC,,,,[]DSC[]OrderAddOffer_Failed[]ValidateOrdertoPRO[]Complaint,,,
,,DSC,,,,[]DSC[]OrderAddOfferCLS_Failed[]ValidateOrdertoPRO[]Complaint,,,
,,DSC,,,,[]DSC[]OrderBlock_Cancel[]ValidateOrdertoPRO[]Complaint,,,
,,DSC,,,,[]DSC[]OrderChangeOwnership_Cancel[]ValidateOrdertoPRO[]Complaint,,,
,,DSC,,,,[]DSC[]OrderChangeOwnership_Failed[]ValidateOrdertoPRO[]Complaint,,,
,,DSC,,,,[]DSC[]OrderCLS_UpLimitFailed[]ValidateOrdertoPRO[]Complaint,,,
,,DSC,,,,[]DSC[]OrderPSB_Cancel[]ValidateOrdertoPRO[]Complaint,,,
,,DSC,,,,[]DSC[]OrderPSB_Failed[]ValidateOrdertoPRO[]Complaint,,,
,,DSC,,,,[]DSC[]OrderPSB_Submited[]ValidateOrdertoPRO[]Complaint,,,
,,DSC,,,,[]DSC[]OrderReaktivasi_Cancel[]ValidateOrdertoPRO[]Complaint,,,
,,DSC,,,,[]DSC[]OrderReaktivasi_Failed[]ValidateOrdertoPRO[]Complaint,,,
,,DSC,,,,[]DSC[]OrderRemoveOffer_Failed[]ValidateOrdertoPRO[]Complaint,,,
,,DSC,,,,[]DSC[]OrderResume_Failed[]ValidateOrdertoPRO[]Complaint,,,
,,DSC,,,,[]DSC[]OrderRPP_Failed[]ValidateOrdertoPRO[]Complaint,,,
,,DSC,,,,[]DSC[]OrderRPTP_Cancel[]ValidateOrdertoPRO[]Complaint,,,
,,DSC,,,,[]DSC[]OrderRPTP_Failed[]ValidateOrdertoPRO[]Complaint,,,
,,DSC,,,,[]DSC[]OrderSPTP_Cancel[]ValidateOrdertoPRO[]Complaint,,,
,,DSC,,,,[]DSC[]OrderSPTP_Failed[]ValidateOrdertoPRO[]Complaint,,,
,,DSC,,,,[]DSC[]OrderTerminate_Cancel[]ValidarteOrdertoPRO[]Complaint,,,
,,DSC,,,,[]DSC[]OrderTerminate_Failed[]ValidarteOrdertoPRO[]Complaint,,,
,,DSC,,,,[]DSC[]OrderUnBlocked_Cancel[]ValidarteOrdertoPRO[]Complaint,,,
,,DSC,,,,[]DSC[]Profile_BC_Tidak_Sesuai[]Cek_BC_to_TC[]Complaint,,,
,,DSC,,,,[]DSC[]Profile_FA_Tidak_Sesuai[]Cek_CM_AccountServices[]Complaint,,,
,,DSC,,,,[]DSC[]Profile_LOS_Tidak_Sesuai[]Cek_/esb/v2/customer/profile[]Complaint,,,
,,DSC,,,,[]DSC[]Profile_Nama_Tidak_Sesuai[]Cek_/esb/v2/customer/profile[]Complaint,,,
,,DSC,,,,[]DSC[]Profile_Pemakaian_Sementara_Tidak_Sesuai[]Cek_/esb/v2/customer/profile[]Complaint,,,
,,DSC,,,,[]DSC[]Profile_PUK_7_Digit[]Cek_/esb/v2/customer/profile[]Complaint,,,
,,DSC,,,,[]DSC[]Profile_PUK_Kosong[]Cek_/esb/v2/customer/profile[]Complaint,,,
,,DSC,,,,[]DSC[]Profile_Substype_Tidak_Sesuai[]Cek_/esb/v2/customer/profile[]Complaint,,,
,,DSC,,,,[]DSC[]Revoke[]User[]Request,,,
,,DSC,,,,[]DSC[]Tidak_bisa_KIP_CRM_-_Unit_Id_is_not_assigned_to_the_User_Id[]Cek_/scrt/esb/v1/kip[]Complaint,,,
,,DSC,,,,[]DSC[]Tidak_bisa_KIP_CRM-Error_System[]Cek_/scrt/esb/v1/kip[]Complaint,,,
,,DSC,,,,[]DSC[]Tidak_bisa_KIP_CRM-Target_Pool_not_found[]Cek_/scrt/esb/v1/cases[]Complaint,,,
,,DSC,,,,[]DSC[]Tidak_bisa_KIP_ERR_504_GATEWAY_TIMEOUT[]Cek_/scrt/esb/v1/kip[]Complaint,,,
,,DSC,,,,"[]DSC[]Tidak_bisa_KIP_Invalid reason in KIP[]Validate_Log[]Complaint",,,
,,DSC,,,,[]DSC[]Tidak_bisa_KIP_Service_provider_unreachable[]Cek_/scrt/esb/v1/kip[]Complaint,,,
,,DSC,,,,[]DSC[]Transferbalance_CheckProfile[]ValidateProfile[]Complaint,,,
,,DSC,,,,[]DSC[]TransferBalance_Failed[]Kendala_Transfer_Balance[]Complaint,,,
,,DSC,,,,[]DSC[]TransferPulsa_CheckHistory[]CheckMenuIndira_ProvideData[]Complaint,,,
,,DSC,,,,[]DSC[]Transaksi_Failed_Cashier[]Validate_Log[]Complaint,,,
,,IKNOW,,,,[]IKNOW[]Missed_Assigned[]Check_Result_Not_Found[]Complaint,,,
,,IKNOW,,,,[]IKNOW[]Provide_Data[]Request_Provide_Data_Report[]Request,,,
,,IKNOW,,,,[]IKNOW[]Undefined[]Request_Provide_Data_Report[]Complaint,,,
,,MEA,,,,"[]MEA[]Add Offer_Order_inprogress[]MASS_ACTIVATION_FULLPRODUCT_Cek_External_Mass_ID[]Complaint",,,
,,MEA,,,,"[]MEA[]Add Offer_Order_inprogress[]MASS_ACTIVATION_FULLPRODUCT_cek_filename[]Complaint",,,
,,MEA,,,,"[]MEA[]Add Offer_Order_inprogress[]MASS_CREATE_BILLING_PROFILE[]Complaint",,,
,,MEA,,,,[]MEA[]Add_Offer_Order_Failed[]MASS_ACTIVATION_FULLPRODUCT_Cek_External_Mass_ID[]Complaint,,,
,,MEA,,,,[]MEA[]Bookpayment_Gagal[]Virtual_Account[]Complaint,,,
,,MEA,,,,[]MEA[]Cek_Billing_Mode[]Customer_Profile[]Complaint,,,
,,MEA,,,,[]MEA[]Cek_History_Order[]Order_MEC[]Complaint,,,
,,MEA,,,,[]MEA[]Cek_Order_Complete[]Order_PSB[]Complaint,,,
,,MEA,,,,[]MEA[]Cek_Order_Failed[]Order_ADD[]Complaint,,,
,,MEA,,,,[]MEA[]Cek_order_FRA[]Kendala_aktivasi_order_FRA[]Complaint,,,
,,MEA,,,,[]MEA[]ChangeOwnership_Failed[]Mass_Transfer_Balance_to_FA_TEMPORARY[]Complaint,,,
,,MEA,,,,[]MEA[]Detail_List_Service_MEC_Tidak_Tampil[]Cek_List_Service_MEC[]Complaint,,,
,,MEA,,,,[]MEA[]Detail_Order_Tidak_Tampil[]Cek_Order_MEC[]Complaint,,,
,,MEA,,,,[]MEA[]Gagal_Aktivasi_Offer_Something_Went_Wrong[]Cek_Log_Aktivasi_Offer[]Complaint,,,
,,MEA,,,,[]MEA[]Gagal_Aktivasi_VA[]Virtual_Account[]Complaint,,,
,,MEA,,,,[]MEA[]Gagal_ChangeOwnership[]ValidateLogtoSurrounding[]Complaint,,,
,,MEA,,,,[]MEA[]Gagal_Upload_Msisdn_PSB[]Some_MSISDN_InProgress[]Complaint,,,
,,MEA,,,,[]MEA[]Issue_No_internet_connection[]Login_MEA[]Complaint,,,
,,MEA,,,,[]MEA[]Issue_Stuck_Order_File_Not_Pickup[]Cek_Filename_toESB[]Complaint,,,
,,MEA,,,,[]MEA[]Kendala_Login_L2[]Tidak_Menerima_OTP_MEC[]Complaint,,,
,,MEA,,,,[]MEA[]Kendala_Tagihan_MEC[]Cek_Tagihan_MEC[]Complaint,,,
,,MEA,,,,[]MEA[]Mass_Contact_Management_Failed[]Mandatory_Parameter_Cannot_Null[]Complaint,,,
,,MEA,,,,[]MEA[]Mass_Postpaid_Activation_Order_Failed[]MASS_INDIVIDUAL_ACTIVATION_Cek_External_Mass_ID[]Complaint,,,
,,MEA,,,,[]MEA[]Mass_Postpaid_Activation_Order_inprogress[]MASS_ACTIVATION_FULLPRODUCT_Cek_External_Mass_ID[]Complaint,,,
,,MEA,,,,[]MEA[]Mass_Postpaid_Activation_Order_inprogress[]MASS_ACTIVATION_SHELL_PRODUCT[]Complaint,,,
,,MEA,,,,[]MEA[]Mass_Postpaid_Activation_Order_inprogress[]MASS_CREATE_BILLING_PROFILE[]Complaint,,,
,,MEA,,,,[]MEA[]Mass_Postpaid_Activation_Order_inprogress[]MASS_INDIVIDUAL_ACTIVATION_Cek_External_Mass_ID[]Complaint,,,
,,MEA,,,,[]MEA[]Mass_Postpaid_Activation_Order_inprogress[]MASS_UMB_BLOCK[]Complaint,,,
,,MEA,,,,[]MEA[]Not_Case_MEA[]Add_Paket[]Complaint,,,
,,MEA,,,,[]MEA[]Not_Case_MEA[]Gagal_Deaktivasi[]Complaint,,,
,,MEA,,,,[]MEA[]Not_Case_MEA[]Gagal_Set_Account[]Complaint,,,
,,MEA,,,,[]MEA[]Not_Case_MEA[]Kendala_Termintate[]Complaint,,,
,,MEA,,,,[]MEA[]Not_Case_MEA[]Miss_Assigned_Wrong_Apps[]Complaint,,,
,,MEA,,,,[]MEA[]OrderChangeOwnership_MassCreateBillingProfile_Failed[]ValidateLogtoCRM[]Complaint,,,
,,MEA,,,,[]MEA[]OrderFutureAction_Failed[]ValidateLogtoSurrounding[]Complaint,,,
,,MEA,,,,[]MEA[]OrderPretoPost[]Validate_PRO[]Complaint,,,
,,MEA,,,,[]MEA[]Prepaid_Registration_Failed[]Cek_Error_Prepaid_Registration[]Complaint,,,
,,MEA,,,,[]MEA[]Provice_Traffic_Statistic[]Order_PSB[]Complaint,,,
,,MEA,,,,[]MEA[]Provice_Traffic_Statistic[]Order_PSB[]Request,,,
,,MEA,,,,"[]MEA[]Re-Establishment_Order_inprogress[]Mass Activation Full Product[]Complaint",,,
,,MEA,,,,[]MEA[]Retry_Payment[]Saldo_Virtual_Account[]Complaint,,,
,,MEA,,,,[]MEA[]Saldo_Tidak_Masuk_VA_MEC[]Virtual_Account[]Complaint,,,
,,MEA,,,,[]MEA[]Status_Order_Inprogress[]Mass_Billing_Profile[]Complaint,,,
,,MEA,,,,[]MEA[]Stuck_Order[]Registrasi_PIC[]Complaint,,,
,,MEA,,,,[]MEA[]Update_CLS_IR_Failed[]Update_CLS_IR_Failed[]Complaint,,,
,,MEA,,,,[]MEA[]User_Add[]MEA[]Complaint,,,
,,MEA,,,,[]MEA[]User_Add[]SAFORA[]Complaint,,,
,,MEA,,,,[]MEA[]VA_Request[]Validate_L2_APP-MEA[]Complaint,,,
,,MEA,,,,[]MEA[]VALIDATE_MSISDN_Order_inprogress[]VALIDATE_MSISDN_Cek_External_Mass_ID[]Complaint,,,
,,MEA,,,,[]MEA[]Validate_Transaction[]ChangeOwnership_Order_Failed[]Complaint,,,
,,MEA,,,,[]MEA[]Waybill_Belum_Muncul[]Cek_Order_Simcard[]Complaint,,,
,,MEPRO,,,,[]MEPRO[]ADD_Whitelist_B2B[]After_Migrasi_MEC_From_L2[]Complaint,,,
,,MEPRO,,,,[]MEPRO[]Anomaly_Source[]Compare_Mepro_to_BI_Rafm[]Complaint,,,
,,MEPRO,,,,[]MEPRO[]Check_History_Transaction[]Request_Provide_Data_Report[]Request,,,
,,MEPRO,,,,[]MEPRO[]Gagal_Add_Package_Anumber[]Insufficient_Credit[]Complaint,,,
,,MEPRO,,,,[]MEPRO[]Gagal_Add_Package_Anumber[]Provide&Validate_Detail_Code[]Complaint,,,
,,MEPRO,,,,[]MEPRO[]Gagal_BroadcastSMS[]Prefix_Msisdn_Non_Tsel[]Complaint,,,
,,MEPRO,,,,[]MEPRO[]Gagal_BroadcastSMS[]Validate_Transaction[]Complaint,,,
,,MEPRO,,,,[]MEPRO[]Gagal_Gift_Package[]After_Migrasi_MEC_From_L2[]Complaint,,,
,,MEPRO,,,,[]MEPRO[]Gagal_Inject_Package_Bnumber[]Provide&Validate_Detail_Code_Subscriber_Customer_Type[]Complaint,,,
,,MEPRO,,,,[]MEPRO[]Gagal_Inject_Package_Bnumber[]Provide&Validate_Detail_Code_Subscriber_Location[]Complaint,,,
,,MEPRO,,,,[]MEPRO[]Gagal_Inject_Package_Bnumber[]Provide&Validate_Detail_Code_Subscriber_LOS[]Complaint,,,
,,MEPRO,,,,[]MEPRO[]Gagal_Inject_Package_Bnumber[]Provide&Validate_Detail_Code_Subscriber_Not_Eligible_To_ByU_Brand[]Complaint,,,
,,MEPRO,,,,[]MEPRO[]Gagal_Inject_Package_Bnumber[]Provide&Validate_Detail_Code_Subscriber_Whitelist[]Complaint,,,
,,MEPRO,,,,[]MEPRO[]Gagal_Inject_Package_Bnumber[]Validate_Detail_Code_Subscriber_Bulk_Not_Found[]Complaint,,,
,,MEPRO,,,,[]MEPRO[]Gagal_Inject_Package_Bnumber_Batch[]Provide&Validate_Detail_Code_Partcial_Failed[]Complaint,,,
,,MEPRO,,,,[]MEPRO[]Kendala_User_Access[]Unlock_Status_User[]Complaint,,,
,,MEPRO,,,,[]MEPRO[]Missed_Assigned[]Check_Result_Not_Found[]Complaint,,,
,,MEPRO,,,,[]MEPRO[]Tidak_Terdapat_Menu_Gift[]After_Migrasi_MEC_From_L2[]Complaint,,,
,,MEPRO,,,,[]MEPRO[]Undefined[]Identify_Case[]Complaint,,,
,,MEPRO,,,,[]MEPRO[]Unsync_Benefit_Package[]Provide&Validate_Surrounding[]Complaint,,,
,,MEPRO,,,,[]MEPRO[]Unsync_Name_Package[]After_Migrasi_MEC_From_L2[]Complaint,,,
,,MEPRO,,,,[]MEPRO[]Unsync_Tagihan_Dan_Transaction_Succes[]Check_History_Transaction[]Complaint,,,
,,MEPRO,,,,[]MEPRO[]Update_Email_User[]Update_Data[]Request,,,
,,MEPRO,,,,[]MEPRO[]User_Tidak_Bisa_Login[]After_Migrasi_MEC_From_L2[]Complaint,,,
,,TOPUPCORPORATE,,,,[]TOPUPCORPORATE[]Cancel_Scheduler[]Delete_SchedulerId[]Request,,,
,,TOPUPCORPORATE,,,,[]TOPUPCORPORATE[]Check_History_Transaction[]Request_Provide_Data_Report[]Request,,,
,,TOPUPCORPORATE,,,,[]TOPUPCORPORATE[]Gagal_Inject_Pulsa_B2BNumber[]Provide&Validate_Detail_Code_3:21[]Complaint,,,
,,TOPUPCORPORATE,,,,[]TOPUPCORPORATE[]Gagal_Inject_Pulsa_B2BNumber[]Provide&Validate_Detail_Code_FCheckB#_107[]Complaint,,,
,,TOPUPCORPORATE,,,,[]TOPUPCORPORATE[]Gagal_Inject_Pulsa_B2BNumber[]Provide&Validate_Detail_Code_FCheckB#_17[]Complaint,,,
,,TOPUPCORPORATE,,,,[]TOPUPCORPORATE[]Gagal_Inject_Pulsa_B2BNumber[]Provide&Validate_Detail_Code_NGRS_No_Transaction_Found[]Complaint,,,
,,TOPUPCORPORATE,,,,[]TOPUPCORPORATE[]Gagal_Inject_Pulsa_B2BNumber_Batch[]Provide&Validate_Detail_Code_Partcial_Failed[]Complaint,,,
,,TOPUPCORPORATE,,,,[]TOPUPCORPORATE[]Missed_Assigned[]Check_Result_Not_Found[]Complaint,,,
,,TOPUPCORPORATE,,,,[]TOPUPCORPORATE[]Undefined[]Identify_Case[]Complaint,,,
,,TOPUPCORPORATE,,,,[]TOPUPCORPORATE[]Selisih_Tagihan[]Provide&Validate_Surrounding[]Complaint,,,
,,TOPUPCORPORATE,,,,[]TOPUPCORPORATE[]User_Gagal_Akses_Web_GUI[]Check_Status_User[]Complaint,,,
,,DIGIPOS,,,,[]DIGIPOS[]Knowledge_Data_Outlet[]Data[]Complaint,,,
,,DIGIPOS,,,,[]DIGIPOS[]RS/Outlet/User_Hilang[]Data[]Complaint,,,
,,DIGIPOS,,,,[]DIGIPOS[]Data_Tidak_Sesuai[]Data[]Complaint,,,
,,DIGIPOS,,,,[]DIGIPOS[]Gagal_Add_RS/Outlet[]Data[]Complaint,,,
,,DIGIPOS,,,,[]DIGIPOS[]Gagal_Add_SF[]Data[]Complaint,,,
,,DIGIPOS,,,,[]DIGIPOS[]Delete_RS/Outlet/User[]Data[]Request,,,
,,DIGIPOS,,,,[]DIGIPOS[]Delete_PJP[]Data[]Request,,,
,,DIGIPOS,,,,[]DIGIPOS[]Gagal_TP[]Data[]Request,,,
,,DIGIPOS,,,,[]DIGIPOS[]Update_Fisik_Outlet[]Data[]Request,,,
,,DIGIPOS,,,,[]DIGIPOS[]Update_Nomor_Konfirmasi[]Data[]Request,,,
,,DIGIPOS,,,,[]DIGIPOS[]Update_Role_User[]Data[]Request,,,
,,DIGIPOS,,,,[]DIGIPOS[]Update_Data_RS/Outlet[]Data[]Request,,,
,,DIGIPOS,,,,[]DIGIPOS[]Update_Data_SF[]Data[]Request,,,
,,DIGIPOS,,,,[]DIGIPOS[]Update_Data_DSI[]Data[]Request,,,
,,DIGIPOS,,,,[]DIGIPOS[]Delete_Agenda_Digipos[]Data[]Request,,,
,,DIGIPOS,,,,[]DIGIPOS[]Update_user_payment[]Data[]Request,,,
,,DIGIPOS,,,,[]DIGIPOS[]Update_Nama_Outlet[]Data[]Request,,,
,,DIGIPOS,,,,[]DIGIPOS[]Update_Longlat[]Data[]Request,,,
,,DIGIPOS,,,,[]DIGIPOS[]Update_NonFisik_Outlet[]Data[]Request,,,
,,DIGIPOS,,,,[]DIGIPOS[]Preferred_Notification_SMS[]Data[]Request,,,
,,DIGIPOS,,,,[]DIGIPOS[]Update_Territory_Outlet[]Data[]Request,,,
,,DIGIPOS,,,,[]DIGIPOS[]Update_Nomor_Rekening[]Data[]Request,,,
,,DIGIPOS,,,,[]DIGIPOS[]Gagal_Product_Allocation[]DISTRIBUSI[]Complaint,,,
,,DIGIPOS,,,,[]DIGIPOS[]Gagal_Product_Booking[]DISTRIBUSI[]Complaint,,,
,,DIGIPOS,,,,[]DIGIPOS[]Gagal_IMEI[]DISTRIBUSI[]Complaint,,,
,,DIGIPOS,,,,[]DIGIPOS[]Gagal_Sellout[]DISTRIBUSI[]Complaint,,,
,,DIGIPOS,,,,[]DIGIPOS[]Gagal_Product_Recall[]DISTRIBUSI[]Complaint,,,
,,DIGIPOS,,,,[]DIGIPOS[]Gagal_Scan_Barcode[]DISTRIBUSI[]Complaint,,,
,,DIGIPOS,,,,[]DIGIPOS[]Alokasi_Belum_Masuk[]DISTRIBUSI[]Complaint,,,
,,DIGIPOS,,,,[]DIGIPOS[]DO_Belum_masuk[]DISTRIBUSI[]Complaint,,,
,,DIGIPOS,,,,[]DIGIPOS[]Stock_Tidak_Sesuai[]DISTRIBUSI[]Complaint,,,
,,DIGIPOS,,,,[]DIGIPOS[]SN_Not_Found[]DISTRIBUSI[]Complaint,,,
,,DIGIPOS,,,,[]DIGIPOS[]Digistar_Sellout_Tidak_Sesuai[]DISTRIBUSI[]Complaint,,,
,,DIGIPOS,,,,[]DIGIPOS[]Digistar_Sellout_Tidak_Masuk[]DISTRIBUSI[]Complaint,,,
,,DIGIPOS,,,,[]DIGIPOS[]Migration_DO[]DISTRIBUSI[]Request,,,
,,DIGIPOS,,,,[]DIGIPOS[]Transaksi_INIT[]TrxPaket[]Complaint,,,
,,DIGIPOS,,,,[]DIGIPOS[]Gagal_Saldo_Terpotong[]TrxPaket[]Complaint,,,
,,DIGIPOS,,,,[]DIGIPOS[]Produk_Tidak_Tersedia/Tidak_Berhak[]TrxPaket[]Complaint,,,
,,DIGIPOS,,,,[]DIGIPOS[]Sukses_Kuota_Tidak_Masuk[]TrxPaket[]Complaint,,,
,,DIGIPOS,,,,[]DIGIPOS[]Gagal_Lainnya[]TrxPaket[]Complaint,,,
,,DIGIPOS,,,,[]DIGIPOS[]Saldo_Terpotong_Double[]TrxPaket[]Complaint,,,
,,DIGIPOS,,,,[]DIGIPOS[]Poin_Belum_Masuk[]TrxPaket[]Complaint,,,
,,DIGIPOS,,,,[]DIGIPOS[]Transaksi_DIPROSES[]TrxPaket[]Request,,,
,,DIGIPOS,,,,[]DIGIPOS[]Paket_Tidak_Muncul[]TrxPaket[]Complaint,,,
,,DIGIPOS,,,,[]DIGIPOS[]Gagal_Error_100[]TrxPaket[]Complaint,,,
,,DIGIPOS,,,,[]DIGIPOS[]Transaksi_Gamemax_Gagal[]TrxPaket[]Complaint,,,
,,DIGIPOS,,,,[]DIGIPOS[]Transaksi_Umroh_Gagal[]TrxPaket[]Complaint,,,
,,DIGIPOS,,,,[]DIGIPOS[]Gagal_FRS01[]TrxPaket[]Complaint,,,
,,DIGIPOS,,,,[]DIGIPOS[]Gagal_Saldo_NGRS_Tidak_Cukup[]TrxPaket[]Complaint,,,
,,DIGIPOS,,,,[]DIGIPOS[]Perubahan_Tanggal_Reservasi_RoaMAX[]TrxPaket[]Request,,,
,,DIGIPOS,,,,[]DIGIPOS[]Diamond_Belum_Masuk[]TrxPaket[]Complaint,,,
,,DIGIPOS,,,,[]DIGIPOS[]Poin_Belum_Masuk_BATCH[]TrxPaket[]Complaint,,,
,,DIGIPOS,,,,[]DIGIPOS[]Transaksi_Inprogress[]TrxPaket[]Complaint,,,
,,DIGIPOS,,,,[]DIGIPOS[]Transaksi_Diproses[]TrxPulsa[]Request,,,
,,DIGIPOS,,,,[]DIGIPOS[]Produk_Tidak_Tersedia/Tidak_Berhak[]TrxPulsa[]Complaint,,,
,,DIGIPOS,,,,[]DIGIPOS[]Pulsa_Tidak_Masuk[]TrxPulsa[]Complaint,,,
,,DIGIPOS,,,,[]DIGIPOS[]Gagal_Lainnya[]TrxPulsa[]Complaint,,,
,,DIGIPOS,,,,[]DIGIPOS[]Gagal_Saldo_Terpotong[]TrxPulsa[]Complaint,,,
,,DIGIPOS,,,,[]DIGIPOS[]Saldo_Terpotong_Double[]TrxPulsa[]Complaint,,,
,,DIGIPOS,,,,[]DIGIPOS[]Transaksi_Gagal[]TrxPulsa[]Complaint,,,
,,DIGIPOS,,,,[]DIGIPOS[]Transaksi_Tidak_Ditemukan[]TrxPulsa[]Complaint,,,
,,DIGIPOS,,,,[]DIGIPOS[]Komplain_Selisih_Harga[]TrxPulsa[]Complaint,,,
,,DIGIPOS,,,,[]DIGIPOS[]Trx_Sukses_Pulsa_Tidak_Masuk[]TrxPulsa[]Complaint,,,
,,DIGIPOS,,,,[]DIGIPOS[]Trx_DIPROSES[]TrxPulsa[]Complaint,,,
,,DIGIPOS,,,,[]DIGIPOS[]Tidak_Dapat_TRX_181[]Tmenu[]Complaint,,,
,,DIGIPOS,,,,[]DIGIPOS[]Tidak_Dapat_Laporan/SMS_TRX[]Tmenu[]Complaint,,,
,,DIGIPOS,,,,[]DIGIPOS[]Gagal_Lainnya[]Tmenu[]Complaint,,,
,,DIGIPOS,,,,[]DIGIPOS[]Gagal_TRX_UMB[]Tmenu[]Complaint,,,
,,DIGIPOS,,,,[]DIGIPOS[]Kuota_Tidak_Masuk[]InjectVF[]Complaint,,,
,,DIGIPOS,,,,[]DIGIPOS[]Paket_Tidak_Muncul[]InjectVF[]Complaint,,,
,,DIGIPOS,,,,[]DIGIPOS[]Gagal_Lainnya[]InjectVF[]Complaint,,,
,,DIGIPOS,,,,[]DIGIPOS[]Lokasi_Tidak_Sesuai[]InjectVF[]Complaint,,,
,,DIGIPOS,,,,[]DIGIPOS[]Kuota_Tidak_Sesuai[]InjectVF[]Complaint,,,
,,DIGIPOS,,,,[]DIGIPOS[]Gagal_Saldo_Terpotong[]InjectVF[]Complaint,,,
,,DIGIPOS,,,,[]DIGIPOS[]Inject_DIPROSES[]InjectVF[]Request,,,
,,DIGIPOS,,,,[]DIGIPOS[]Paket_Tidak_Sesuai[]InjectVF[]Complaint,,,
,,DIGIPOS,,,,[]DIGIPOS[]VF_GAGAL_BATCH[]InjectVF[]Request,,,
,,DIGIPOS,,,,[]DIGIPOS[]Inject_GAGAL[]InjectVF[]Request,,,
,,DIGIPOS,,,,[]DIGIPOS[]Inject_INIT[]InjectVF[]Request,,,
,,DIGIPOS,,,,[]DIGIPOS[]Tidak_Bisa_Trx_VF[]InjectVF[]Request,,,
,,DIGIPOS,,,,[]DIGIPOS[]Migrasi_INIT[]USIM[]Request,,,
,,DIGIPOS,,,,[]DIGIPOS[]Gagal_F1/F2[]USIM[]Complaint,,,
,,DIGIPOS,,,,[]DIGIPOS[]Gagal_F3/F4[]USIM[]Complaint,,,
,,DIGIPOS,,,,[]DIGIPOS[]Gagal_Lainnya[]USIM[]Complaint,,,
,,DIGIPOS,,,,[]DIGIPOS[]SUKSES_Bonus_Tidak_Masuk[]USIM[]Complaint,,,
,,DIGIPOS,,,,[]DIGIPOS[]Migrasi_DIPROSES[]USIM[]Request,,,
,,DIGIPOS,,,,[]DIGIPOS[]Migrasi_GAGAL[]USIM[]Request,,,
,,DIGIPOS,,,,[]DIGIPOS[]Gagal_Paket[]ARP[]Complaint,,,
,,DIGIPOS,,,,[]DIGIPOS[]Gagal_Recharge[]ARP[]Complaint,,,
,,DIGIPOS,,,,[]DIGIPOS[]ARP_INIT[]ARP[]Request,,,
,,DIGIPOS,,,,[]DIGIPOS[]Paket_Tidak_Muncul[]ARP[]Complaint,,,
,,DIGIPOS,,,,[]DIGIPOS[]Harga_Tidak_Muncul[]ARP[]Complaint,,,
,,DIGIPOS,,,,[]DIGIPOS[]Gagal_Lainnya[]ARP[]Complaint,,,
,,DIGIPOS,,,,[]DIGIPOS[]ARP_DIPROSES[]ARP[]Request,,,
,,DIGIPOS,,,,"[]DIGIPOS[]Poin_ Belum_Masuk[]ARP[]Complaint",,,
,,DIGIPOS,,,,[]DIGIPOS[]SUKSES_Paket_Tidak_Masuk[]ARP[]Complaint,,,
,,DIGIPOS,,,,[]DIGIPOS[]Lokasi_Tidak_Ditemukan[]ARP[]Complaint,,,
,,DIGIPOS,,,,[]DIGIPOS[]Saldo_Terpotong_Double[]ARP[]Complaint,,,
,,DIGIPOS,,,,[]DIGIPOS[]ARP_DIPROSES_BATCH[]ARP[]Request,,,
,,DIGIPOS,,,,[]DIGIPOS[]ARP_GAGAL_BATCH[]ARP[]Request,,,
,,DIGIPOS,,,,"[]DIGIPOS[]Poin_ Belum_Masuk_BATCH[]ARP[]Complaint",,,
,,DIGIPOS,,,,[]DIGIPOS[]Gagal_Inject[]ARP[]Complaint,,,
,,DIGIPOS,,,,[]DIGIPOS[]Gagal_Saldo_Terpotong[]ARP[]Complaint,,,
,,DIGIPOS,,,,[]DIGIPOS[]Gagal_NSP[]TrxLainnya[]Complaint,,,
,,DIGIPOS,,,,[]DIGIPOS[]Gagal_Feature_Sales[]TrxLainnya[]Complaint,,,
,,DIGIPOS,,,,[]DIGIPOS[]Gagal_Lainnya[]TrxLainnya[]Complaint,,,
,,DIGIPOS,,,,[]DIGIPOS[]Pencurian_pulsa[]TrxLainnya[]Complaint,,,
,,DIGIPOS,,,,[]DIGIPOS[]Loan[]TrxLainnya[]Complaint,,,
,,DIGIPOS,,,,[]DIGIPOS[]Perbedaan_Harga[]TrxLainnya[]Complaint,,,
,,DIGIPOS,,,,[]DIGIPOS[]Gagal_TopUp_Sales_Force[]TrxLainnya[]Complaint,,,
,,DIGIPOS,,,,[]DIGIPOS[]Gagal_Perdana_Special[]TrxLainnya[]Complaint,,,
,,DIGIPOS,,,,[]DIGIPOS[]Poin_Tidak_Sesuai[]Digistar[]Request,,,
,,DIGIPOS,,,,[]DIGIPOS[]Gagal_Redeem[]Digistar[]Complaint,,,
,,DIGIPOS,,,,[]DIGIPOS[]Poin_Tidak_Bertambah[]Digistar[]Complaint,,,
,,DIGIPOS,,,,[]DIGIPOS[]Sukses_Redeem_Saldo_Tidak_Bertambah[]Digistar[]Complaint,,,
,,DIGIPOS,,,,[]DIGIPOS[]Redeem_INIT[]Digistar[]Complaint,,,
,,DIGIPOS,,,,[]DIGIPOS[]Gagal_Lainnya[]Digistar[]Complaint,,,
,,DIGIPOS,,,,[]DIGIPOS[]Redeem_Diproses[]Digistar[]Complaint,,,
,,DIGIPOS,,,,[]DIGIPOS[]Poin_Berkurang[]Digistar[]Request,,,
,,DIGIPOS,,,,[]DIGIPOS[]Aplikasi_Lemot[]Aplikasi[]Complaint,,,
,,DIGIPOS,,,,[]DIGIPOS[]Check_your_Internet_Connection[]Aplikasi[]Complaint,,,
,,DIGIPOS,,,,[]DIGIPOS[]Force_Closed[]Aplikasi[]Escalated,,,
,,DIGIPOS,,,,[]DIGIPOS[]Tidak_Dapat_Akses_Web[]Aplikasi[]Complaint,,,
,,DIGIPOS,,,,[]DIGIPOS[]Update_Aplikasi[]Aplikasi[]Complaint,,,
,,DIGIPOS,,,,[]DIGIPOS[]Gagal_Lainnya[]Aplikasi[]Complaint,,,
,,DIGIPOS,,,,[]DIGIPOS[]Gagal_Menu_Digistar[]Aplikasi[]Complaint,,,
,,DIGIPOS,,,,[]DIGIPOS[]Aplikasi_Tidak_Tersedia[]Aplikasi[]Complaint,,,
,,DIGIPOS,,,,[]DIGIPOS[]Gagal_Menu[]Aplikasi[]Complaint,,,
,,DIGIPOS,,,,[]DIGIPOS[]Tidak_Dapat_Transaksi[]Aplikasi[]Complaint,,,
,,DIGIPOS,,,,[]DIGIPOS[]Double_Notifikasi_Trx[]Aplikasi[]Complaint,,,
,,DIGIPOS,,,,[]DIGIPOS[]Menu_Aplikasi_Tidak_Muncul[]Menu[]Complaint,,,
,,DIGIPOS,,,,[]DIGIPOS[]Tidak_dapat_pilih_menu[]Menu[]Complaint,,,
,,DIGIPOS,,,,[]DIGIPOS[]Gagal_Login[]Login[]Complaint,,,
,,DIGIPOS,,,,[]DIGIPOS[]Lupa_Password[]Login[]Complaint,,,
,,DIGIPOS,,,,[]DIGIPOS[]Akun_Blocked[]Login[]Complaint,,,
,,DIGIPOS,,,,[]DIGIPOS[]Login_Code[]Login[]Complaint,,,
,,DIGIPOS,,,,[]DIGIPOS[]Reset_Password[]Login[]Complaint,,,
,,DIGIPOS,,,,[]DIGIPOS[]Kill_Session[]Login[]Complaint,,,
,,DIGIPOS,,,,[]DIGIPOS[]Change_Device_Login_Biometric[]Login[]Complaint,,,
,,DIGIPOS,,,,[]DIGIPOS[]Update_Device_Operating_System_Login_Biometric[]Login[]Complaint,,,
,,DIGIPOS,,,,[]DIGIPOS[]Otp_Tidak_Masuk[]Login[]Complaint,,,
,,DIGIPOS,,,,[]DIGIPOS[]Daily_Call_Issue[]DailyCall[]Complaint,,,
,,DIGIPOS,,,,[]DIGIPOS[]Gagal_Event[]Event[]Complaint,,,
,,DIGIPOS,,,,[]DIGIPOS[]Gagal_Reset_PIN[]PIN[]Complaint,,,
,,DIGIPOS,,,,[]DIGIPOS[]Tidak_Menerima_PIN[]PIN[]Complaint,,,
,,DIGIPOS,,,,[]DIGIPOS[]Laporan_Tidak_Muncul[]Report[]Complaint,,,
,,DIGIPOS,,,,[]DIGIPOS[]Gagal_Unduh_Laporan[]Report[]Complaint,,,
,,DIGIPOS,,,,[]DIGIPOS[]Provide_data_trx[]Report[]Request,,,
,,DIGIPOS,,,,[]DIGIPOS[]Gagal_PPOB[]PPOB[]Complaint,,,
,,DIGIPOS,,,,[]DIGIPOS[]Sukses_Tidak_Dapat_Token[]PPOB[]Complaint,,,
,,DIGIPOS,,,,[]DIGIPOS[]PPOB_Diproses[]PPOB[]Complaint,,,
,,DIGIPOS,,,,[]DIGIPOS[]Sukses_Masih_Ada_Tagihan[]PPOB[]Complaint,,,
,,DIGIPOS,,,,[]DIGIPOS[]Gagal_Lainnya[]PPOB[]Complaint,,,
,,DIGIPOS,,,,[]DIGIPOS[]Tidak_Dapat_Cashback[]Cashback[]Complaint,,,
,,DIGIPOS,,,,[]DIGIPOS[]KYC/Aktivasi_INIT[]KYC[]Complaint,,,
,,DIGIPOS,,,,[]DIGIPOS[]NGRS_Not_Active[]KYC[]Complaint,,,
,,DIGIPOS,,,,[]DIGIPOS[]LinkAja_Failed[]KYC[]Complaint,,,
,,DIGIPOS,,,,[]DIGIPOS[]NGRS_Closed[]KYC[]Complaint,,,
,,DIGIPOS,,,,[]DIGIPOS[]FINPAY_REJECTED[]KYC[]Complaint,,,
,,DIGIPOS,,,,[]DIGIPOS[]FINPAY/Aktivasi_INIT[]KYC[]Request,,,
,,DIGIPOS,,,,[]DIGIPOS[]Cek_Saldo_Belum_Masuk[]Virtual_Account[]Complaint,,,
,,DIGIPOS,,,,[]DIGIPOS[]No_VA_Tidak_Muncul[]Virtual_Account[]Complaint,,,
,,DIGIPOS,,,,[]DIGIPOS[]No_VA_Muncul_Double[]Virtual_Account[]Complaint,,,
,,DIGIPOS,,,,[]DIGIPOS[]empowring[]enpowring[]Complaint,,,
,,DIGIPOS,,,,[]DIGIPOS[]SMS_Tidak_Masuk[]E_Voucher[]Complaint,,,
,,DIGIPOS,,,,[]DIGIPOS[]Kode_Voucher_Tidak_Masuk[]E_Voucher[]Complaint,,,
,,DIGIPOS,,,,[]DIGIPOS[]Transaksi_INIT[]E_Voucher[]Complaint,,,
,,DIGIPOS,,,,[]DIGIPOS[]Add_Whitelist_User[]Adita[]Request,,,
,,DIGIPOS,,,,[]DIGIPOS[]Perdana_Special_Belum_Diproses[]Perdana_Special[]Complaint,,,
,,DIGIPOS,,,,[]DIGIPOS[]Gagal_Perdana_Special[]Perdana_Special[]Complaint,,,
,,DIGIPOS,,,,[]DIGIPOS[]Inprogress_TopUp_EWallet_Dana[]EWallet[]Complaint,,,
,,DIGIPOS,,,,[]DIGIPOS[]Inprogress_TopUp_EWallet_Ovo[]EWallet[]Complaint,,,
,,DIGIPOS,,,,[]DIGIPOS[]Inprogress_TopUp_EWallet_Shopeepay[]EWallet[]Complaint,,,
,,DIGIPOS,,,,[]DIGIPOS[]Inprogress_TopUp_EWallet_LinkAja[]EWallet[]Complaint,,,
,,DIGIPOS,,,,[]DIGIPOS[]Inprogress_TopUp_EWallet_Gopay[]EWallet[]Complaint,,,
,,DIGIPOS,,,,[]DIGIPOS[]Init_TopUp_EWallet_Dana[]EWallet[]Complaint,,,
,,DIGIPOS,,,,[]DIGIPOS[]Init_TopUp_EWallet_Ovo[]EWallet[]Complaint,,,
,,DIGIPOS,,,,[]DIGIPOS[]Init_TopUp_EWallet_Shopeepay[]EWallet[]Complaint,,,
,,DIGIPOS,,,,[]DIGIPOS[]Init_TopUp_EWallet_LinkAja[]EWallet[]Complaint,,,
,,DIGIPOS,,,,[]DIGIPOS[]Init_TopUp_EWallet_Gopay[]EWallet[]Complaint,,,
,,DIGIPOS,,,,[]DIGIPOS[]Cek_Transaksi_TopUp_EWallet_Dana[]EWallet[]Complaint,,,
,,DIGIPOS,,,,[]DIGIPOS[]Cek_Transaksi_TopUp_EWallet_Ovo[]EWallet[]Complaint,,,
,,DIGIPOS,,,,[]DIGIPOS[]Cek_Transaksi_TopUp_EWallet_Shopeepay[]EWallet[]Complaint,,,
,,DIGIPOS,,,,[]DIGIPOS[]Cek_Transaksi_TopUp_EWallet_LinkAja[]EWallet[]Complaint,,,
,,DIGIPOS,,,,[]DIGIPOS[]Cek_Transaksi_TopUp_EWallet_Gopay[]EWallet[]Complaint,,,
,,DIGIPOS,,,,[]DIGIPOS[]Gagal_TopUp_EWallet_Dana[]EWallet[]Complaint,,,
,,DIGIPOS,,,,[]DIGIPOS[]Gagal_TopUp_EWallet_Ovo[]EWallet[]Complaint,,,
,,DIGIPOS,,,,[]DIGIPOS[]Gagal_TopUp_EWallet_Shopeepay[]EWallet[]Complaint,,,
,,DIGIPOS,,,,[]DIGIPOS[]Gagal_TopUp_EWallet_LinkAja[]EWallet[]Complaint,,,
,,DIGIPOS,,,,[]DIGIPOS[]Gagal_TopUp_EWallet_Gopay[]EWallet[]Complaint,,,
,,DIGIPOS,,,,[]DIGIPOS[]Transaksi_lainnya[]Salah_Assigne[]Request,,,
